Timestamp,Telescope RA,Telescope DEC,Ephemeris RA,Ephemeris DEC,RA Difference,DEC Difference
2022-03-02T10:33:10.489000,115.7350892,-14.0119876,115.73859619162168,-14.015042506301002,12.625169838037209,-10.997662683610088
2022-03-02T10:33:18.889000,115.7655858,-13.98389385,115.76838368043325,-13.987458151529731,10.072369559696881,-12.831485507034301
2022-03-02T10:33:27.419000,115.7969297,-13.9547717,115.79862019303603,-13.959444995302157,6.08577492968152,-16.823863087763158
2022-03-02T10:33:36.150000,115.8278204,-13.92619919,115.82955671816275,-13.930769768698447,6.250745385921164,-16.454083314408052
2022-03-02T10:33:45.029000,115.860096,-13.89628038,115.861004724908,-13.901606436488015,3.2714096688039263,-19.17380335685195
2022-03-02T10:33:54.050000,115.89147,-13.86726412,115.89294234300483,-13.87197461831597,5.30043481740563,-16.957793937495325
2022-03-02T10:34:03.050000,115.921465,-13.83935306,115.92479224410745,-13.842409701846565,11.978078786830793,-11.003910647631443
2022-03-02T10:34:20.180000,115.9825559,-13.7825701,115.98537639772319,-13.786132129331165,10.15379180349214,-12.823305592196022
2022-03-02T10:34:28.759000,116.0129584,-13.7543588,116.01569987830476,-13.757944575357612,9.869321897122063,-12.908791287403432
2022-03-02T10:35:47.929000,116.2917044,-13.4946208,116.29496836889703,-13.497735068315635,11.75028802931024,-11.211365936284778
2022-03-02T10:35:56.410000,116.3212723,-13.46689038,116.32482433718376,-13.469851556936387,12.787333861507477,-10.660236970991122
2022-03-02T10:36:04.830000,116.3516374,-13.43864605,116.35445407029681,-13.44216694708757,10.140013068513554,-12.675229515253505
2022-03-02T10:36:13.409000,116.3819667,-13.41020278,116.38463155763945,-13.41395787610612,9.593487502002063,-13.518345982026858
2022-03-02T10:36:22.060000,116.4122494,-13.38206096,116.41505030654822,-13.38551035452528,10.08326357363103,-12.417820291007331
2022-03-02T10:36:30.570000,116.4418652,-13.3542971,116.44496152433729,-13.357524835268539,11.14676761425244,-11.619846966738123
2022-03-02T10:36:38.959000,116.4716641,-13.32636949,116.47443606166345,-13.329935632750603,9.979061988440208,-12.838113902172665
2022-03-02T10:37:07.510000,116.5580591,-13.28153174,116.57466478318419,-13.236027232256097,59.78045946310431,163.81622787805128
2022-03-02T10:37:07.510000,116.5551246,-13.32310239,116.57466478318419,-13.236027232256097,70.34465946308615,313.47056787805343
2022-03-02T10:38:51.279000,116.9347844,-12.89130653,116.93785611912357,-12.894569655054756,11.058188844845063,-11.747250197122838
2022-03-02T10:38:59.730000,116.9645167,-12.86319971,116.96735982296109,-12.866751510727575,10.235242659894084,-12.78648261926918
2022-03-02T10:39:08.380000,116.9944766,-12.83489697,116.99754668003983,-12.83827686655735,11.052288143400801,-12.167627606459774
2022-03-02T10:39:16.780000,117.0242737,-12.80640954,117.02684988420701,-12.81062379739378,9.27426314525519,-15.171326617608827
2022-03-02T10:39:25.310000,117.0539909,-12.77869765,117.0565953126619,-12.782541371131073,9.37588558282414,-13.837396071862429
2022-03-02T10:39:33.900000,117.0840024,-12.75041515,117.08653850299265,-12.75426000908497,9.129970773540208,-13.841492705889635
2022-03-02T10:39:42.510000,117.1134807,-12.72257156,117.11653987808809,-12.725911394915451,11.0130411171383,-12.023405695623524
2022-03-02T10:39:50.910000,117.1436545,-12.69395539,117.14579840275638,-12.698252868842145,7.718049922993941,-15.470923831724548
2022-03-02T10:39:59.650000,117.1734614,-12.66587949,117.17622957082783,-12.669473437603388,9.965414980206333,-12.938211372197372
2022-03-02T10:40:08.189000,117.2030597,-12.63789113,117.2059494524143,-12.641354503115945,10.40310869149721,-12.468143217402883
2022-03-02T10:40:16.819000,117.2326443,-12.60979833,117.23597458842846,-12.612934550924496,11.989038342449021,-11.29039532818581
2022-03-02T10:40:25.110000,117.2622761,-12.58177942,117.26480944499154,-12.585629706378732,9.120041969572412,-13.861030963435894
2022-03-02T10:40:33.819000,117.2921594,-12.55350784,117.29508661544747,-12.556946928931392,10.537975610895955,-12.380720153011993
2022-03-02T10:40:42.319000,117.3260438,-12.52127282,117.32462591479485,-12.528951182072001,-5.104386738514677,-27.642103459204037
2022-03-02T10:40:51.989000,117.3551475,-12.49370994,117.35821769010816,-12.497100353298157,11.052684389380829,-12.20548787336213
2022-03-02T10:41:00.489000,117.384669,-12.46575989,117.387733235977,-12.469101895094026,11.031249517174047,-12.031218338495364
2022-03-02T10:41:08.960000,117.4179942,-12.43413409,117.41713705185552,-12.441197717280359,-3.085733320114059,-25.429058209288513
2022-03-02T10:41:18.630000,117.4508674,-12.40284532,117.45068929568573,-12.409342430136094,-0.6411755313820322,-23.389596489936793
2022-03-02T10:41:28.200000,117.4824686,-12.37284141,117.48388048412434,-12.377815007051744,5.082782847614453,-17.904949386280578
2022-03-02T10:41:37.160000,117.5125989,-12.34420343,117.51494335909285,-12.348295774965182,8.440052734272285,-14.732441874654256
2022-03-02T10:41:45.789000,117.5417575,-12.31649113,117.54484713849921,-12.319865780633927,11.12269859713706,-12.148742282141
2022-03-02T10:41:54.249000,117.5712455,-12.28851383,117.57415424220092,-12.29199140220426,10.471471923295894,-12.519259935339733
2022-03-02T10:42:02.689000,117.6007587,-12.26046169,117.60338121878722,-12.264181758973546,9.441067633991906,-13.392248304766952
2022-03-02T10:42:11.409000,117.6309106,-12.231758,117.6335664523104,-12.235448314299724,9.56106831743,-13.285131479008783
2022-03-02T10:42:20.139000,117.6600275,-12.20401343,117.66377475542156,-12.206680702307176,13.490119517609855,-9.602180305835617
2022-03-02T10:42:28.570000,117.6899513,-12.17554575,117.69293748279031,-12.178897230327253,10.75025804511256,-12.06532917811387
2022-03-02T10:42:37.010000,117.7216852,-12.14531119,117.72212058021411,-12.151082985162757,1.5673687708101625,-20.77846258592899
2022-03-02T10:42:46.400000,117.7508898,-12.11746989,117.75457587152428,-12.12013669293977,13.269857487426862,-9.60049058316983
2022-03-02T10:42:54.900000,117.7806225,-12.08909,117.78394353880441,-12.092122378531274,11.955739695844159,-10.9165627125833
2022-03-02T10:43:03.399000,117.8104644,-12.06072871,117.81329688239362,-12.064110265378197,10.196936617012398,-12.173599361511833
2022-03-02T10:43:11.870000,117.8420336,-12.03051706,117.8425427227073,-12.036189359723991,1.8328417462782909,-20.42027900637109
2022-03-02T10:43:21.040000,117.8749791,-11.99905667,117.87418970378039,-12.005963311674652,-2.8418263906189623,-24.86391002874697
2022-03-02T10:43:30.970000,117.9047662,-11.97045356,117.90844535052625,-11.973230769987024,13.24494189451002,-9.997955953290472
2022-03-02T10:43:39.349000,117.9341984,-11.94227846,117.93733902249787,-11.945609720740016,11.306240992320227,-11.992538664055985
2022-03-02T10:43:48.069000,117.9638941,-11.91393389,117.96739744946399,-11.916863511148183,12.612058070340026,-10.546636133460652
2022-03-02T10:43:56.529000,117.9934164,-11.88571604,117.9965488050628,-11.88897338384819,11.276658226080372,-11.72643785348555
2022-03-02T10:44:05,118.0231942,-11.85719729,118.02572738950363,-11.861045988255402,9.119482213043284,-13.855313719445661
2022-03-02T10:44:13.579000,118.0521849,-11.82944484,118.05526711218,-11.832761522687466,11.095963848015344,-11.940057674875959
2022-03-02T10:44:22.130000,118.081449,-11.80144039,118.08469955370916,-11.804568369433445,11.701993352943418,-11.260725960404017
2022-03-02T10:44:30.540000,118.1108218,-11.77316357,118.11363610502055,-11.776839134501751,10.131498073980083,-13.232032206305178
2022-03-02T10:44:38.959000,118.1436871,-11.74179832,118.1425931400208,-11.74907927794427,-3.9382559251237126,-26.211448599376297
2022-03-02T10:44:48.620000,118.1727039,-11.71390348,118.1758091130822,-11.717223036903855,11.178767095896092,-11.950404853874375
2022-03-02T10:44:57.239000,118.2023782,-11.68549339,118.20543091179711,-11.68880166470821,10.989762469597508,-11.909788949557765
2022-03-02T10:45:05.880000,118.2318124,-11.65713108,118.23511733644052,-11.660306785752551,11.897771185903139,-11.432540709187577
2022-03-02T10:45:14.349000,118.2606176,-11.6295448,118.26420219420797,-11.632378177806777,12.904539148672711,-10.200160104396616
2022-03-02T10:45:22.820000,118.2912933,-11.60008455,118.29328338414426,-11.604442072009176,7.164302919312604,-15.687079233033785
2022-03-02T10:45:31.680000,118.3204866,-11.57211584,118.32368876464876,-11.575222148236769,11.527792735569165,-11.182709652366185
2022-03-02T10:45:40.289000,118.3508978,-11.54282372,118.35322176461638,-11.546829090368671,8.366272618968651,-14.419333327219164
2022-03-02T10:45:49.270000,118.380163,-11.5147662,118.38401935635802,-11.517208195059697,13.882882888901804,-8.791182214906001
2022-03-02T10:45:57.590000,118.4136729,-11.48238353,118.41253974593803,-11.489766533529536,-4.079354623058862,-26.57881270633169
2022-03-02T10:46:07.430000,118.443052,-11.4541019,118.44625757094316,-11.457310439198366,11.54005539539753,-11.5507411141202
2022-03-02T10:46:15.899000,118.4721829,-11.42606565,118.47526623556642,-11.42937552890071,11.100008039096565,-11.915564042556781
2022-03-02T10:46:24.389000,118.5010303,-11.39817008,118.50433637259066,-11.401370524844378,11.901861326379048,-11.521601439760332
2022-03-02T10:46:32.880000,118.5301281,-11.3702727,118.5333994761418,-11.373361407514176,11.776954110467841,-11.11934705103721
2022-03-02T10:46:41.419000,118.5597807,-11.34167626,118.56261634360234,-11.345193142917473,10.20831696841924,-12.660778502905146
2022-03-02T10:46:49.870000,118.5882401,-11.31424689,118.59152172930932,-11.317314380774992,11.813865513579458,-11.042966789970876
2022-03-02T10:46:58.450000,118.6171823,-11.28633597,118.62085779024527,-11.28900927469914,13.231764882976904,-9.62389691690504
2022-03-02T10:47:06.939000,118.647194,-11.25725918,118.64987226437466,-11.261003597760583,9.641751748796423,-13.479903938097948
2022-03-02T10:47:24.200000,118.7053695,-11.20111856,118.70883649719369,-11.204056284131909,12.481189897260947,-10.57580687487345
2022-03-02T10:47:32.739000,118.7344346,-11.17300466,118.73799022752186,-11.175883371520156,12.800259078704812,-10.363361472560229
2022-03-02T10:47:41.279000,118.7644501,-11.1440107,118.76713692055608,-11.14770642537494,9.672554001883782,-13.304611349781226
2022-03-02T10:47:49.870000,118.7934719,-11.11594891,118.7964471444846,-11.119360479061505,10.710880144569046,-12.281648621419095
2022-03-02T10:47:58.349000,118.8227068,-11.08760354,118.82536491423775,-11.091383371199433,9.569211255887922,-13.607392317957334
2022-03-02T10:48:07,118.8839447,-11.09511662,118.85485872195932,-11.062838023496836,-104.70952094646009,116.20294741139361
2022-03-02T10:48:07,118.8533324,-11.05800528,118.85485872195932,-11.062838023496836,5.49475905354484,-17.397876588609762
2022-03-02T10:48:15.979000,118.8826574,-11.02965788,118.88545950396433,-11.033209639610602,10.087574271580024,-12.786334598166604
2022-03-02T10:48:24.730000,118.914007,-11.00089442,118.91527222016438,-11.004332876644115,4.554792591784462,-12.378443918815663
2022-03-02T10:48:33.189000,118.9414296,-10.97279904,118.94407982068371,-10.976418995578673,9.540794461338464,-13.031840083221624
2022-03-02T10:48:41.959000,118.9726563,-10.94249185,118.97393583797098,-10.947478166656929,4.606336695553637,-17.950739964943807
2022-03-02T10:48:51.400000,119.0020966,-10.91389472,119.00606399519948,-10.916322292037911,14.282622718133098,-8.739259336480387
2022-03-02T10:48:59.679000,119.0312233,-10.88558718,119.03422744583483,-10.889000452242078,10.814925005411169,-12.28778007148037
2022-03-02T10:49:08.369000,119.0624218,-10.85537419,119.0637786295269,-10.860321628165979,4.884586296833504,-17.810777397526323
2022-03-02T10:49:17.489000,119.0913172,-10.82726066,119.09478062744334,-10.830223034966076,12.468338796008993,-10.664549877873952
2022-03-02T10:49:25.849000,119.1202588,-10.79919601,119.12318884709549,-10.802632058379386,10.548169543761787,-12.36977416579137
2022-03-02T10:49:34.359000,119.1493372,-10.77108377,119.15209670144989,-10.774545450483334,9.93420521959365,-12.462049740000225
2022-03-02T10:49:43.029000,119.1787956,-10.74245816,119.18153761977264,-10.745930186341322,9.871271181503971,-12.499294828760554
2022-03-02T10:49:51.410000,119.2082126,-10.71375405,119.2099871691763,-10.718268211352695,6.388449034699306,-16.250980869702403
2022-03-02T10:50:00.330000,119.2384746,-10.68433025,119.24025558155822,-10.688826648611096,6.411533609565367,-16.18703499994467
2022-03-02T10:50:09.250000,119.2677179,-10.65591375,119.2705128873388,-10.659384493575248,10.061954419688846,-12.494676870891652
2022-03-02T10:50:17.779000,119.2965991,-10.62775941,119.2994335209793,-10.631232365164598,10.203915525522689,-12.502638592554405
2022-03-02T10:50:26.360000,119.3252825,-10.59982496,119.3285202642955,-10.602908074454238,11.655951463819747,-11.099212035257722
2022-03-02T10:50:34.730000,119.3587217,-10.56724855,119.3568819313567,-10.575279760735274,-6.623167115907336,-28.91235864698487
2022-03-02T10:50:44.679000,119.387328,-10.53939694,119.39058138395598,-10.542438743097696,11.71218224152426,-10.950491151707098
2022-03-02T10:50:53.260000,119.4163394,-10.51101364,119.4196361091589,-10.514112876778917,11.868152972050439,-11.15725240410157
2022-03-02T10:51:01.750000,119.4447849,-10.48332298,119.44837269418564,-10.486086928307857,12.916059068282948,-9.950213908285122
2022-03-02T10:51:10.370000,119.4734766,-10.45532469,119.47753911753156,-10.45763137573695,14.625063113635406,-8.304068653022512
2022-03-02T10:51:18.790000,119.5031017,-10.42643081,119.5060189365682,-10.429835595571213,10.502051645499932,-12.257228056367353
2022-03-02T10:51:27.459000,119.5322213,-10.39802279,119.53533077955079,-10.401217379125358,11.194126382832792,-11.5005208512855
2022-03-02T10:51:35.959000,119.5609846,-10.36986849,119.56406116844624,-10.37315663491545,11.07564640648775,-11.837321695619352
2022-03-02T10:51:44.580000,119.5900474,-10.34150964,119.59319041736354,-10.344696011863471,11.314862508749002,-11.470938708495737
2022-03-02T10:51:52.840000,119.6189951,-10.31325783,119.62109034288088,-10.317426770896665,7.542874371131347,-15.008187227995506
2022-03-02T10:52:01.850000,119.6521313,-10.2808368,119.65151291348148,-10.287681084134631,-2.2261914666387383,-24.639422884673223
2022-03-02T10:52:11.499000,119.6813259,-10.25231653,119.68408079610577,-10.255825317173029,9.917625980773437,-12.631633822904575
2022-03-02T10:52:20.239000,119.7095573,-10.22457654,119.71356961241604,-10.226970161416727,14.4443246977346,-8.617037100218994
2022-03-02T10:52:28.849000,119.7388789,-10.19584549,119.7426096419552,-10.198543827474408,13.430671038702258,-9.714014907869029
2022-03-02T10:52:37.130000,119.7678497,-10.16757479,119.77053050805436,-10.171203364125772,9.65090899571237,-13.062866852778399
2022-03-02T10:52:45.870000,119.7964116,-10.13952711,119.79998888153597,-10.142347118320728,12.878213529484128,-10.152029954623742
2022-03-02T10:52:54.319000,119.8248637,-10.11164207,119.8284565959937,-10.114451317752712,12.93442557733897,-10.113291909762268
2022-03-02T10:53:02.729000,119.8541381,-10.08305088,119.85678331626552,-10.086683968308238,9.522778555873401,-13.07911790965619
2022-03-02T10:53:11.429000,119.8828893,-10.05466995,119.88607676836725,-10.057958806142103,11.474886122078942,-11.839882111575406
2022-03-02T10:53:20.009000,119.9120299,-10.02614404,119.91495617696951,-10.02962954738981,10.534597090264697,-12.54782660331486
2022-03-02T10:53:28.639000,119.9410234,-9.997820201,119.94399388309823,-10.001134904427067,10.69373915360643,-11.932932337442281
2022-03-02T10:53:37.289000,119.9695475,-9.969757091,119.97308883824176,-9.972573939082059,12.74881767033662,-10.140653095412233
2022-03-02T10:53:45.760000,119.9982084,-9.941675089,120.00157198097784,-9.94460373711701,12.108891520250609,-10.543133221234768
2022-03-02T10:53:54.389000,120.0270273,-9.91334101,120.03057650194178,-9.916111577723735,12.77712699040876,-9.974043805444666
2022-03-02T10:54:02.709000,120.0556119,-9.885310177,120.05853295323527,-9.888639468664456,10.51579164696932,-11.985449992045005
2022-03-02T10:54:11.310000,120.0845152,-9.856873543,120.08742388649846,-9.860239278561494,10.471271394447967,-12.116648021375198
2022-03-02T10:54:19.919000,120.1135257,-9.82844844,120.11633181244031,-9.831812444625662,10.102004785119334,-12.110416652379996
2022-03-02T10:54:28.529000,120.1414264,-9.800870046,120.14523322559624,-9.803382088895331,13.704572146474447,-9.043354423192085
2022-03-02T10:54:36.910000,120.1703159,-9.772521947,120.17335648229094,-9.77570769392634,10.946096247369042,-11.46868893482278
2022-03-02T10:54:45.719000,120.1989696,-9.744398335,120.20290588505088,-9.74661982592042,14.170626183181412,-7.997367313516435
2022-03-02T10:54:54.020000,120.2277053,-9.715976449,120.23074181243427,-9.719209225942745,10.931444763400577,-11.637996993883348
2022-03-02T10:55:02.670000,120.2560723,-9.688065762,120.25973834837146,-9.690646023730048,13.197774137245233,-9.288942228170782
2022-03-02T10:55:11.069000,120.2849482,-9.659678793,120.28788402351235,-9.662911491506309,10.568964644443213,-11.637714622713702
2022-03-02T10:55:19.730000,120.3132617,-9.631742899,120.31689793552498,-9.63431164880662,13.090447889925372,-9.247499303827311
2022-03-02T10:55:28.049000,120.3410367,-9.604221163,120.34475686285329,-9.606840999402637,13.392586271822893,-9.431411049493477
2022-03-02T10:55:36.599000,120.3701496,-9.575580166,120.37337988809288,-9.578607422533187,11.629037134366627,-10.898123519473302
2022-03-02T10:55:45.109000,120.3987189,-9.547264341,120.40185947460068,-9.550505812177603,11.306068562441851,-11.669296239369942
2022-03-02T10:55:53.560000,120.4269222,-9.519451107,120.43013221751515,-9.522598922204185,11.556063054518972,-11.332134735067001
2022-03-02T10:56:02.100000,120.4555581,-9.491101106,120.45869321429876,-9.494398036813497,11.286411475526847,-11.868950928586486
2022-03-02T10:56:10.669000,120.4838103,-9.463249627,120.4873416201349,-9.466101297121014,12.712752485629153,-10.266012435651817
2022-03-02T10:56:19.110000,120.5124219,-9.435020416,120.51555272270679,-9.438227162953577,11.270961744406804,-11.54428903287652
2022-03-02T10:56:27.709000,120.5410892,-9.406668044,120.54428234328866,-9.40983120864264,11.495315839158593,-11.387392713503175
2022-03-02T10:56:36.160000,120.5691044,-9.378859737,120.57250812054357,-9.38192392707017,12.253393956865466,-11.031084252610412
2022-03-02T10:56:44.639000,120.6011787,-9.347241509,120.60081809691805,-9.353924135174386,-1.2981710950498382,-24.057454227791908
2022-03-02T10:56:54.160000,120.63357,-9.315341281,120.63259603141678,-9.322483353012698,-3.5062868996078578,-25.71145924571283
2022-03-02T10:57:03.930000,120.6622011,-9.286831688,120.66519285122773,-9.290220275896637,10.770304419810373,-12.198916427894346
2022-03-02T10:57:12.579000,120.6911952,-9.258030363,120.69403925520145,-9.26165901404283,10.238598725220527,-13.063143754192197
2022-03-02T10:57:21.200000,120.7195802,-9.229926568,120.72278267311415,-9.233190212190866,11.5289032109672,-11.749119087119198
2022-03-02T10:57:29.860000,120.7486243,-9.201172669,120.75164648765627,-9.204592628712279,10.87987556257417,-12.31185496420295
2022-03-02T10:57:38.510000,120.7766207,-9.173469448,120.78046734884845,-9.17602808433728,13.847935854425941,-9.211090814208944
2022-03-02T10:57:46.989000,120.805555,-9.144816764,120.80870913765524,-9.148028255052225,11.354895558878297,-11.561367788009846
2022-03-02T10:57:55.459000,120.8339661,-9.116682464,120.83691175236268,-9.120058182170405,10.604348505660255,-12.152585413458183
2022-03-02T10:58:04.020000,120.8622769,-9.08868002,120.86540804460184,-9.091787652124616,11.272120566616195,-11.18747564861664
2022-03-02T10:58:12.520000,120.8903878,-9.060814445,120.8936920303927,-9.063718616760529,11.895229413721609,-10.455018337902544
2022-03-02T10:58:20.989000,120.9186599,-9.032707971,120.92186370032972,-9.035752017985896,11.533681187023603,-10.958569149222797
2022-03-02T10:58:29.419000,120.9468637,-9.004686936,120.94989657068443,-9.007914282814221,10.918334463968904,-11.618448531194758
2022-03-02T10:58:38.029000,120.9749612,-8.976759512,120.97851868347821,-8.979482236650911,12.806940521585375,-9.801808743283402
2022-03-02T10:58:46.550000,121.0036611,-8.948323174,121.00683567228555,-8.951344185417225,11.428460227961068,-10.875641102009581
2022-03-02T10:58:54.989000,121.0320445,-8.920061028,121.03487109223138,-8.923477023110964,10.175732032990936,-12.297582399472873
2022-03-02T10:59:03.830000,121.0603967,-8.891810321,121.06423234402523,-8.894282504559824,13.808318490828242,-8.899860815367333
2022-03-02T10:59:12.270000,121.0888745,-8.863473716,121.0922526521854,-8.866412287904161,12.161347867407812,-10.578858854982087
2022-03-02T10:59:20.649000,121.1169321,-8.835540746,121.12006155998998,-8.838743638616181,11.266055963920962,-11.530413418254426
2022-03-02T10:59:29.220000,121.1447973,-8.807688158,121.14849854876668,-8.810441126329804,13.32449556007873,-9.91068598729754
2022-03-02T10:59:37.650000,121.172842,-8.77988539,121.17645871995461,-8.782604371393468,13.020191836585582,-9.788333016483364
2022-03-02T10:59:45.999000,121.2010617,-8.75176391,121.20414144512102,-8.755035248565335,11.087082435699358,-11.776818835208047
2022-03-02T10:59:54.580000,121.2310231,-8.722023889,121.23258431170987,-8.726700221484622,5.620362155531211,-16.834796944635855
2022-03-02T11:00:03.510000,121.2590047,-8.694157638,121.26217420603471,-8.697212976344701,11.410221724952407,-10.99921804092503
2022-03-02T11:00:12.130000,121.2874672,-8.665694226,121.29072745945548,-8.668749574736196,11.736934039754487,-10.99925545030942
2022-03-02T11:00:20.910000,121.3158135,-8.637526127,121.3198011807926,-8.639758067570964,14.355650853326551,-8.034986055474747
2022-03-02T11:00:29.340000,121.3438973,-8.609470948,121.34770689986975,-8.61192248033813,13.714559531115356,-8.82551641726721
2022-03-02T11:00:37.739000,121.3720619,-8.581362158,121.3755012187358,-8.584189477072746,12.381547448882202,-10.178348661888492
2022-03-02T11:00:46.209000,121.4023796,-8.551083404,121.40352163173134,-8.556222271916981,4.111314232801533,-18.499924501133336
2022-03-02T11:00:55.419000,121.4309136,-8.522633159,121.43398002622219,-8.525811931274529,11.039134399885597,-11.443580188304026
2022-03-02T11:01:03.979000,121.4586554,-8.494827577,121.46227940230784,-8.49754808701975,13.046408308241553,-9.793836071096962
2022-03-02T11:01:12.419000,121.4866544,-8.466781346,121.4901732034279,-8.469680732039242,12.667692340420444,-10.437789741273207
2022-03-02T11:01:20.869000,121.5153212,-8.438159104,121.51809126038448,-8.441780634369257,9.972217384120086,-13.037509329324592
2022-03-02T11:01:29.369000,121.54321,-8.410219485,121.54616565033582,-8.413715735258876,10.640341208954851,-12.58650093195044
2022-03-02T11:01:37.999000,121.5721093,-8.381404203,121.57466033434598,-8.385221913775544,9.183723645543296,-13.743758791954974
2022-03-02T11:01:46.620000,121.6001437,-8.353337831,121.60311618355638,-8.356758125322909,10.700940802956893,-12.313059562473683
2022-03-02T11:01:55.300000,121.6286065,-8.32482423,121.63175758543935,-8.328099868742354,11.34390758163022,-11.792299472472934
2022-03-02T11:02:03.810000,121.6563393,-8.297033581,121.6598290990282,-8.300003224719598,12.563276501526843,-10.690717390549054
2022-03-02T11:02:12.450000,121.6850505,-8.268376413,121.68832039692391,-8.271477718469605,11.771628926078392,-11.164699690575475
2022-03-02T11:02:20.959000,121.7133823,-8.240048462,121.7163708208497,-8.24338506786133,10.758675058912104,-12.011781100788
2022-03-02T11:02:29.480000,121.7414097,-8.211957431,121.74445197983522,-8.215253159411986,10.952207406768366,-11.864622283150794
2022-03-02T11:02:38.289000,121.7702991,-8.183033692,121.77347298238858,-8.186170813563951,11.425976598889065,-11.293637630222264
2022-03-02T11:02:46.510000,121.7983926,-8.154929446,121.80054835021252,-8.159030077034085,7.760700765084039,-14.762271722705123
2022-03-02T11:02:55.260000,121.830565,-8.122549302,121.82935696334346,-8.13014330457711,-4.348931963579616,-27.33840927759985
2022-03-02T11:03:05.050000,121.8583907,-8.09469219,121.86157872274195,-8.097823632491938,11.476881871027445,-11.273192970976709
2022-03-02T11:03:13.630000,121.8870145,-8.0659942,121.88980851350128,-8.069498969505148,10.058448604581827,-12.617170218529594
2022-03-02T11:03:22.029000,121.914652,-8.03818017,121.91743419777765,-8.041772246731183,10.015911999533955,-12.93147623225721
2022-03-02T11:03:30.750000,121.9425169,-8.010216954,121.94611002058481,-8.012982980390168,12.93523410531634,-9.95769500460355
2022-03-02T11:03:39.179000,121.9709913,-7.981744849,121.97381703631005,-7.985158087353079,10.172650716208409,-12.287658071083385
2022-03-02T11:03:47.849000,121.9986941,-7.953595911,122.00230736575871,-7.956538089834716,13.00775673137764,-10.59184380497733
2022-03-02T11:03:56.590000,122.0264609,-7.926057733,122.03102190728539,-7.927684199597977,16.419626227400386,-5.855279752717379
2022-03-02T11:04:04.810000,122.0552212,-7.896978673,122.0580166211562,-7.9005505744510875,10.063516162296082,-12.85884522391676
2022-03-02T11:04:13.460000,122.0832168,-7.868902925,122.08641477073186,-7.871998029398718,11.512694634700438,-11.142375835382268
2022-03-02T11:04:22.009000,122.1125215,-7.839348764,122.11447258771584,-7.843779368181355,7.023915777017464,-15.950175052877569
2022-03-02T11:04:30.860000,122.140614,-7.811021267,122.14351242192153,-7.81456438989552,10.434318917504015,-12.755242423872204
2022-03-02T11:04:39.440000,122.1687938,-7.782740114,122.17165424672885,-7.786244439805276,10.2976082238456,-12.615572898992156
2022-03-02T11:04:48.090000,122.1965821,-7.754644729,122.20001684535359,-7.757693973991612,12.365083272914035,-10.977281969805475
2022-03-02T11:04:56.569000,122.2245236,-7.726645075,122.22781016729482,-7.729708442803272,11.831642261358866,-11.028124091777158
2022-03-02T11:05:05.050000,122.25234,-7.698748234,122.25560156015037,-7.7017168447106545,11.741616541308986,-10.686998558356464
2022-03-02T11:05:13.679000,122.2804855,-7.670296904,122.28386923869915,-7.673237326532351,12.181459316963128,-10.58552111646378
2022-03-02T11:05:22.149000,122.3104636,-7.640092499,122.31160753545471,-7.645283134999407,4.118167636943326,-18.6862895978674
2022-03-02T11:05:31.299000,122.3387044,-7.611676326,122.34156329290819,-7.615085316613998,10.29201446949628,-12.272366210390473
2022-03-02T11:05:40.060000,122.366505,-7.58362267,122.37023632730522,-7.5861719413125375,13.432778298783887,-9.177376725136455
2022-03-02T11:05:48.499000,122.3943676,-7.555538425,122.39784702896321,-7.55832182867794,12.525944267582645,-10.020253240583799
2022-03-02T11:05:56.980000,122.4233991,-7.526223604,122.42558676702804,-7.530333698247835,7.875601300941071,-14.79633929220654
2022-03-02T11:06:05.699000,122.4502561,-7.499148427,122.45409621584555,-7.501560770220669,13.82441704397479,-8.684435594409479
2022-03-02T11:06:14.140000,122.4783024,-7.471044565,122.48168822881836,-7.473705863351247,12.188983746068516,-9.580674064491035
2022-03-02T11:06:22.660000,122.5061685,-7.442635771,122.50953008236559,-7.445590882151241,12.10169651610613,-10.638400144468108
2022-03-02T11:06:31.020000,122.5334567,-7.41500289,122.53684089956091,-7.4180044983861535,12.183118419284256,-10.805790190151754
2022-03-02T11:06:39.609000,122.561831,-7.386409651,122.56489139501495,-7.389663104457083,11.01742205383971,-11.712432445497
2022-03-02T11:06:48.239000,122.5915824,-7.356292126,122.59306720127947,-7.361187090245056,5.345284606107725,-17.621871282203116
2022-03-02T11:06:57.319000,122.6195259,-7.328087153,122.62270291896141,-7.331226966171465,11.437268261073541,-11.303327417271802
2022-03-02T11:07:05.920000,122.6478856,-7.299450309,122.65076649467657,-7.3028480424375495,10.371220835685335,-12.231840375178038
2022-03-02T11:07:14.550000,122.6752418,-7.271674816,122.67891614134774,-7.274374131822129,13.227628851888085,-9.71753695966484
2022-03-02T11:07:22.869000,122.7034093,-7.243267371,122.7060432635581,-7.246927011484074,9.482268809148309,-13.174705742665083
2022-03-02T11:07:31.619000,122.7311302,-7.215031674,122.73456725861719,-7.21805860110544,12.373411021900438,-10.896937579586208
2022-03-02T11:07:40.160000,122.7590189,-7.186965939,122.7624014889888,-7.189880456597931,12.177320359677424,-10.492263352549358
2022-03-02T11:07:48.679000,122.7863357,-7.159221433,122.79015572349473,-7.161775614955572,13.752084581062718,-9.195055040060396
2022-03-02T11:07:57.209000,122.8145768,-7.130620407,122.81793750380373,-7.133635214647839,12.098533693449554,-10.853307532219247
2022-03-02T11:08:05.779000,122.8418532,-7.102992879,122.84584122130435,-7.105363601008629,14.356876695666188,-8.534599231063922
2022-03-02T11:08:14.220000,122.8696042,-7.074801549,122.87331675923717,-7.077518286666779,13.36521325382023,-9.780255600403365
2022-03-02T11:08:22.759000,122.8980362,-7.045998411,122.90110306387982,-7.04935044540381,11.040709967312523,-12.067323853716161
2022-03-02T11:08:31.459000,122.925678,-7.017935208,122.92940477761361,-7.020652301810132,13.416399408987445,-9.781537716474276
2022-03-02T11:08:39.959000,122.9529932,-6.990295051,122.95704761294915,-6.992614668099068,14.59588661697353,-8.3506215566441
2022-03-02T11:08:48.310000,122.9810981,-6.961598221,122.98419794451519,-6.965069279016662,11.15944025468707,-12.495808859982915
2022-03-02T11:08:57.060000,123.0100318,-6.932348704,123.0126370549149,-6.93620862855696,9.378917693680933,-13.895728405056573
2022-03-02T11:09:05.840000,123.0385476,-6.903301733,123.041165015333,-6.9072498800417685,9.422695198770725,-14.213329350366166
2022-03-02T11:09:14.700000,123.0669917,-6.874501429,123.06994413811914,-6.878028147594401,10.628777228896524,-12.696186939842846
2022-03-02T11:09:23.200000,123.0946182,-6.846500441,123.09754563723806,-6.849994591945629,10.538774057005185,-12.578943404265175
2022-03-02T11:09:31.720000,123.1219917,-6.818583182,123.12520396930393,-6.821895907700376,11.564169494147336,-11.925812521351986
2022-03-02T11:09:40.380000,123.1498042,-6.790379485,123.15330847288708,-6.793336371905872,12.61538239345441,-10.644792861140928
2022-03-02T11:09:48.940000,123.1774863,-6.762188864,123.18108022710254,-6.765107488283973,12.938137569153696,-10.507047422303373
2022-03-02T11:09:57.560000,123.2052348,-6.734197675,123.2090384020248,-6.736681617653211,13.692967289290436,-8.942193551560607
2022-03-02T11:10:06.090000,123.2329151,-6.70584954,123.23669654394544,-6.708553415331288,13.613198203591992,-9.73395119263607
2022-03-02T11:10:14.610000,123.2604069,-6.677967293,123.2643142053695,-6.680459068633862,14.066299330181664,-8.970392281903372
2022-03-02T11:10:22.950000,123.2883533,-6.649664724,123.29134061046155,-6.652959124356644,10.754317661576351,-11.859841283919081
2022-03-02T11:10:31.590000,123.3156264,-6.621876524,123.31933108125571,-6.624470883228904,13.33685252056398,-9.339693224053391
2022-03-02T11:10:40.109000,123.3435877,-6.593395607,123.34692149176968,-6.596382524265709,12.00165037083707,-10.752902156554356
2022-03-02T11:10:48.719000,123.3745661,-6.561972847,123.37479850096001,-6.567995056155957,0.8366434560571179,-21.679952961445892
2022-03-02T11:10:58.219000,123.4021753,-6.533741435,123.40554764815946,-6.536674325386918,12.140453374053095,-10.558405392906067
2022-03-02T11:11:06.750000,123.4293983,-6.505968262,123.43315194155873,-6.508549300366857,13.513109611432128,-9.291738120686688
2022-03-02T11:11:15.229000,123.4572609,-6.477688065,123.46058007601364,-6.480596650254037,11.949033649131025,-10.470906914532918
2022-03-02T11:11:23.779000,123.4847291,-6.44967948,123.48822992225138,-6.452410891862421,12.602960104976546,-9.833082704713547
2022-03-02T11:11:32.169000,123.5122534,-6.421705795,123.51535458690006,-6.42475352999129,11.164272840193235,-10.971845968642668
2022-03-02T11:11:40.819000,123.5405606,-6.392708749,123.5433117939417,-6.3962400746009935,9.904298190087957,-12.712772163578023
2022-03-02T11:11:49.609000,123.567972,-6.364713911,123.5717131498168,-6.367266167054735,13.468139340494645,-9.188121797047089
2022-03-02T11:11:58.130000,123.5955845,-6.336380757,123.59923733148227,-6.339179955106188,13.150193336173288,-10.07711318227642
2022-03-02T11:12:06.640000,123.6233266,-6.308198626,123.62671812593807,-6.311130997938234,12.20949337705406,-10.556538977640528
2022-03-02T11:12:15.079000,123.6505197,-6.28049784,123.65396190634718,-6.283317052506948,12.391942849825455,-10.149165025014995
2022-03-02T11:12:23.799000,123.6785513,-6.2517617,123.68210476330364,-6.254578014497368,12.792467893126513,-10.13873219052428
2022-03-02T11:12:32.299000,123.7059551,-6.223618883,123.70952970294724,-6.226565080505417,12.86857061006117,-10.606311019501291
2022-03-02T11:12:40.880000,123.7338913,-6.195154893,123.73720809807246,-6.198286246898831,11.940473060860768,-11.272874035791247
2022-03-02T11:12:49.440000,123.7616714,-6.166680427,123.76481087441444,-6.1700776766282175,11.30210789198145,-12.23009866158229
2022-03-02T11:12:57.959000,123.788713,-6.139167015,123.79227363873318,-6.142005275180537,12.818299439436487,-10.21773664993404
2022-03-02T11:13:06.590000,123.816044,-6.111142713,123.82008953429846,-6.113564888037175,14.563923474440799,-8.719830133830442
2022-03-02T11:13:15.249000,123.8437543,-6.08282321,123.8479876683984,-6.085033345561384,15.240126234249374,-7.956488020982988
2022-03-02T11:13:23.480000,123.8716457,-6.054353071,123.87449942822639,-6.057913105764126,10.27342161498268,-12.81612515085051
2022-03-02T11:13:32.220000,123.8990977,-6.026239052,123.90264276110365,-6.029116882195351,12.762219973143374,-10.360188703261741
2022-03-02T11:13:40.730000,123.9270403,-5.997722305,123.93003767759362,-6.001079567559293,10.790559337016248,-12.086145213454103
2022-03-02T11:13:49.289000,123.9545582,-5.969412964,123.95758258032987,-5.972881930934126,10.887769187553431,-12.488280962854859
2022-03-02T11:13:58.289000,123.9825247,-5.940774811,123.98653835699366,-5.943232637868967,14.449165177188661,-8.848176728280421
2022-03-02T11:14:06.699000,124.0135289,-5.909024305,124.0135881811508,-5.915528158124547,0.21341214286962895,-23.413871248370555
2022-03-02T11:14:16.360000,124.0428201,-5.879065585,124.04465249480363,-5.883703963488951,6.596621293061844,-16.69816256022436
2022-03-02T11:14:25.410000,124.0706116,-5.850689892,124.07374325996904,-5.853893795662341,11.273975888502719,-11.534053184426085
2022-03-02T11:14:34.060000,124.0978576,-5.822719095,124.10154019693265,-5.825402422181404,13.257348957534987,-9.659977853054258
2022-03-02T11:14:42.469000,124.1280127,-5.791860992,124.1285551494221,-5.797706006912737,1.9528179195560824,-21.042053685852125
2022-03-02T11:14:51.770000,124.1559331,-5.763236651,124.15842713558348,-5.767072977419441,8.978528100533367,-13.810775109989137
2022-03-02T11:15:00.569000,124.1850971,-5.733269747,124.18667852431886,-5.738094592061876,5.693127547937138,-17.369442222755893
2022-03-02T11:15:09.700000,124.2151236,-5.70254335,124.2159873400859,-5.7080241534769405,3.109464309255827,-19.730892516985676
2022-03-02T11:15:18.989000,124.242206,-5.674721132,124.24579439617709,-5.677434802783768,12.9182262375366,-9.769214821564987
2022-03-02T11:15:27.759000,124.2699645,-5.646312089,124.27392782441302,-5.648555879072346,14.267967886877386,-8.07764426044315
2022-03-02T11:15:36.090000,124.297244,-5.618267911,124.3006455862831,-5.621123747260696,12.245710619123429,-10.281010538504276
2022-03-02T11:15:44.539000,124.3244523,-5.590364985,124.32773443511034,-5.5933042672816935,11.815686397221725,-10.581416214096961
2022-03-02T11:15:53.139000,124.3520141,-5.562106641,124.3552998349187,-5.564988851274157,11.828645707288388,-10.375956986967694
2022-03-02T11:16:01.690000,124.3791902,-5.534100081,124.38270060856541,-5.536836028473691,12.637470835505837,-9.84941090528757
2022-03-02T11:16:10.069000,124.4061699,-5.506336646,124.4095429192435,-5.509250714749523,12.142869276641477,-10.490647498282968
2022-03-02T11:16:18.770000,124.4376047,-5.473946517,124.43740912364632,-5.480606610623243,-0.70407487323223,-23.976337043676565
2022-03-02T11:16:28.590000,124.4653122,-5.445498168,124.46884975258449,-5.448280299674551,12.735189304163441,-10.01567402838397
2022-03-02T11:16:37.029000,124.4922686,-5.417885245,124.49586095148757,-5.420501446657982,12.932465355248723,-9.418325968736951
2022-03-02T11:16:45.560000,124.5197008,-5.38960176,124.52315921904633,-5.3924210436326,12.450308566820922,-10.14942107736232
2022-03-02T11:16:53.910000,124.5468856,-5.361512134,124.54987111325569,-5.364937678135531,10.747847720500658,-12.33195888791272
2022-03-02T11:17:02.610000,124.5728462,-5.334964335,124.57769511284155,-5.336303656597082,17.45608622958912,-4.821557749495398
2022-03-02T11:17:11.220000,124.6011857,-5.305746902,124.60522369956301,-5.307967200864219,14.53679842683755,-7.993075911188541
2022-03-02T11:17:19.590000,124.6286442,-5.27733521,124.63197772619183,-5.280421911418985,12.000694290617275,-11.112125108345339
2022-03-02T11:17:28.040000,124.6557759,-5.249512581,124.65898026678065,-5.252614655700792,11.53572041034181,-11.167468922849366
2022-03-02T11:17:36.529000,124.6825108,-5.221809491,124.68610016309613,-5.224680390337223,12.92170714605163,-10.335237614003034
2022-03-02T11:17:45.120000,124.7098184,-5.193702498,124.71353851346632,-5.196411847784035,13.392408478733842,-9.753659222525712
2022-03-02T11:17:53.660000,124.7371379,-5.165550303,124.74080660688107,-5.168312492941564,13.207344771859653,-9.943883789631869
2022-03-02T11:18:02.160000,124.7644361,-5.137500452,124.76793969692613,-5.1403461190340645,12.612948934093993,-10.244401322631091
2022-03-02T11:18:10.770000,124.791439,-5.109576662,124.79541652660777,-5.112019228397129,14.319095787971037,-8.793239029662914
2022-03-02T11:18:19.270000,124.8187874,-5.081537192,124.82253502894956,-5.084055626284747,13.491464218395777,-9.066363425089463
2022-03-02T11:18:27.700000,124.8460792,-5.053320029,124.84942306542516,-5.05632368861102,12.037915530544296,-10.813174599670816
2022-03-02T11:18:36.380000,124.8733552,-5.025026553,124.87710107915206,-5.027770770198297,13.48516494737737,-9.879181913870738
2022-03-02T11:18:44.849000,124.9004501,-4.997165459,124.90409903799535,-4.999913352768677,13.136176783262954,-9.892417567237644
2022-03-02T11:18:53.400000,124.9279565,-4.968736213,124.931351162674,-4.971787636130397,12.22078562644242,-10.985123269431085
2022-03-02T11:19:01.870000,124.9553121,-4.940475446,124.95833798218958,-4.943929763447836,10.893175882472406,-12.435542812211509
2022-03-02T11:19:10.569000,124.9830216,-4.912118417,124.98604703331779,-4.915320191990995,10.891559944036544,-11.526389967580997
2022-03-02T11:19:19.110000,125.0101331,-4.883904018,125.01324552150231,-4.8872317244727395,11.204717408310216,-11.9797433018622
2022-03-02T11:19:27.579000,125.0373667,-4.855879486,125.04020761708286,-4.859381488588202,10.227301498258612,-12.607209317526369
2022-03-02T11:19:36.340000,125.0642128,-4.828085535,125.06809189198307,-4.830572536857221,13.964731139037667,-8.953206685997017
2022-03-02T11:19:44.830000,125.091805,-4.799504706,125.09510643163836,-4.802656206284126,11.885153898106182,-11.345401022853707
2022-03-02T11:19:53.370000,125.1231151,-4.767112081,125.12227292870969,-4.774576957086049,-3.031816645136587,-26.873553909778636
2022-03-02T11:20:03.370000,125.1507205,-4.738666104,125.15407473100706,-4.741699178256565,12.07523162538564,-10.919067323633058
2022-03-02T11:20:12.020000,125.1816072,-4.706652019,125.18157540163317,-4.713261567259199,-0.11447412060192619,-23.79437373311646
2022-03-02T11:20:21.759000,125.2109854,-4.676356042,125.21252955675004,-4.681245640942733,5.558964300155367,-17.60255619383919
2022-03-02T11:20:30.980000,125.238246,-4.647726978,125.24182880188579,-4.650934415128513,12.898086788823093,-11.546773662648846
2022-03-02T11:20:39.739000,125.2695291,-4.615707736,125.26965241247557,-4.622143532457609,0.44392491203666395,-23.1688672473922
2022-03-02T11:20:49.389000,125.2988437,-4.585567062,125.30029773456518,-4.590425810324689,5.2345244346156505,-17.49149396888008
2022-03-02T11:20:58.599000,125.3263605,-4.556936061,125.32953734938494,-4.5601561365509315,11.436657785742455,-11.592271983353442
2022-03-02T11:21:07.210000,125.3534643,-4.528895086,125.35686786569389,-4.531856788208327,12.252836497992803,-10.662127949977318
2022-03-02T11:21:15.829000,125.3801089,-4.501298875,125.3842166132879,-4.503532748263869,14.787767836469357,-8.041943749930525
2022-03-02T11:21:24.230000,125.4098235,-4.470550464,125.41086674972757,-4.475926657175242,3.7556990192626927,-19.35429543087146
2022-03-02T11:21:33.359000,125.4367641,-4.44257185,125.43981860437242,-4.44593006910082,10.996215740692605,-12.089588762950854
2022-03-02T11:21:42.020000,125.4655171,-4.412773055,125.46727885061361,-4.4174729500435586,6.342302208997808,-16.919622156811798
2022-03-02T11:21:51.139000,125.4930972,-4.384240814,125.49618345825661,-4.387512784666948,11.110529723816853,-11.779094401014234
2022-03-02T11:21:59.870000,125.5232708,-4.352888379,125.52385077618396,-4.358829106281617,2.0879142622447944,-21.38661821382115
2022-03-02T11:22:09.349000,125.5503284,-4.324743341,125.55388017740233,-4.327689972154961,12.786398648410113,-10.607872157862275
2022-03-02T11:22:17.930000,125.579809,-4.294230036,125.58105735170832,-4.299502562948319,4.494066149976561,-18.981097013946524
2022-03-02T11:22:27.259000,125.609022,-4.263915254,125.61059561231961,-4.268859956703617,5.6650043506238035,-17.800929733021675
2022-03-02T11:22:36.459000,125.640637,-4.231987583,125.63971734893462,-4.238643003262011,-3.31074383534542,-23.95951294323737
2022-03-02T11:22:46.239000,125.6701106,-4.200686737,125.67066624819884,-4.2065231821120275,2.000333515826469,-21.011202403299478
2022-03-02T11:22:55.779000,125.7008716,-4.16873809,125.7008469728302,-4.175193688468016,-0.08865781125564354,-23.240154484858877
2022-03-02T11:23:05.359000,125.7275575,-4.14109166,125.73114562150194,-4.14373494404303,12.917237406963977,-9.515822554907771
2022-03-02T11:23:13.880000,125.7554905,-4.112040848,125.75808772939452,-4.1157555233343395,9.35002582028801,-13.372831203620805
2022-03-02T11:23:22.739000,125.784347,-4.081989389,125.78609132571768,-4.086668043445798,6.279572583650861,-16.843156004870252
2022-03-02T11:23:31.919000,125.8126896,-4.052540349,125.81510186804047,-4.056528535427987,8.684164945702832,-14.35747114075454
2022-03-02T11:23:40.810000,125.8422584,-4.022072287,125.84319161572958,-4.02733975402118,3.359576626468197,-18.9628812762475
2022-03-02T11:23:50.120000,125.8715815,-3.991394701,125.87259723525231,-3.9967774145280766,3.6566469083140873,-19.377768701075837
2022-03-02T11:23:59.459000,125.8995401,-3.962414491,125.90208635509022,-3.966121945698321,9.166518324803974,-13.34683691395604
2022-03-02T11:24:08.189000,125.9275857,-3.933225271,125.92964515943628,-3.9374674163892713,7.414053970614987,-15.271723401376924
2022-03-02T11:24:17.179000,125.9538339,-3.905874163,125.95801735471814,-3.9079613997040448,15.060436985271508,-7.514052134561133
2022-03-02T11:24:25.829000,125.9832215,-3.8752409,125.98530946903917,-3.87957313504101,7.516688540999894,-15.596046147635967
2022-03-02T11:24:34.770000,126.0098823,-3.847528087,126.01351248199438,-3.8502317503104906,13.068655179773714,-9.733187917765562
2022-03-02T11:24:43.209000,126.0368439,-3.819497664,126.04012526245116,-3.8225395469745638,11.812904824182624,-10.950778708429532
2022-03-02T11:24:51.800000,126.0675598,-3.787411045,126.0672106624267,-3.7943503532965823,-1.2568952638616793,-24.98150986769705
2022-03-02T11:25:01.690000,126.0958282,-3.75797043,126.09838312583797,-3.761901067606247,9.197733016691245,-14.150295382490441
2022-03-02T11:25:10.470000,126.1229692,-3.729894106,126.12604946196954,-3.7330957367783846,11.088943090356906,-11.525870802183924
2022-03-02T11:25:19.270000,126.1510898,-3.700502299,126.15377175819128,-3.7042267124332096,9.655049488640088,-13.40788835955422
2022-03-02T11:25:28.180000,126.1803942,-3.670002894,126.18183339509044,-3.6749987943210654,5.181102325587972,-17.98524115583522
2022-03-02T11:25:37.349000,126.2078623,-3.641639519,126.21070320446775,-3.644923342181983,10.22725608388555,-11.821763455139411
2022-03-02T11:25:45.940000,126.237618,-3.610533795,126.23774618225754,-3.6167457224684725,0.4614561271466755,-22.36293888650156
2022-03-02T11:25:55.459000,126.2684544,-3.578277728,126.26770253840256,-3.5855265364951667,-2.706701750770435,-26.09571058259945
2022-03-02T11:26:05.189000,126.2952867,-3.550333112,126.29831445155892,-3.5536177207461286,10.899905612103566,-11.824591486062452
2022-03-02T11:26:13.829000,126.3234343,-3.521226543,126.3254899202358,-3.5252855066181814,7.400232848857513,-14.612269025452918
2022-03-02T11:26:22.639000,126.3535507,-3.489591884,126.35319317550827,-3.4963978026014386,-1.2870881702383485,-24.501306965178316
2022-03-02T11:26:32.649000,126.3815309,-3.460481789,126.38466140237624,-3.463577766153452,11.269808554453675,-11.145517752427203
2022-03-02T11:26:41.359000,126.4082099,-3.431996061,126.41203554240508,-3.435022183831048,13.772312658272767,-10.8940421917735
2022-03-02T11:26:50.060000,126.4367611,-3.403254891,126.43937462473875,-3.4064980789259884,9.408689059495146,-11.67547653355836
2022-03-02T11:26:58.660000,126.4647356,-3.373732974,126.46638972116881,-3.3783070221614127,5.954836207723702,-16.46657338108497
2022-03-02T11:27:07.769000,126.4912153,-3.34608771,126.49499655253847,-3.3484495653528827,13.612509138505402,-8.502679270378088
2022-03-02T11:27:16.120000,126.5205928,-3.315367759,126.52121640506579,-3.3210786009283466,2.244978236819861,-20.559030942048118
2022-03-02T11:27:25.399000,126.5496525,-3.285029545,126.5503426700555,-3.290668219813136,2.4846121998223225,-20.299229327289048
2022-03-02T11:27:34.929000,126.576776,-3.256697964,126.58024887894608,-3.259437611492555,12.502364205903405,-9.86273097319863
2022-03-02T11:27:43.440000,126.6036572,-3.228597813,126.60695057226881,-3.23154840240838,11.856140167731155,-10.6221218701684
2022-03-02T11:27:51.989000,126.6307758,-3.200192213,126.63376505749785,-3.2035366296465932,10.761326992292197,-12.039899927736464
2022-03-02T11:28:00.749000,126.6612852,-3.168330008,126.66123469037367,-3.17483553367654,-0.18183465475090088,-23.41989243554501
2022-03-02T11:28:10.280000,126.6888127,-3.139646653,126.69111437773331,-3.1436107063178365,8.286039839930481,-14.270591944212008
2022-03-02T11:28:19.259000,126.7167731,-3.110486371,126.71925626753114,-3.1141965625514976,8.939403112100308,-13.356689585391557
2022-03-02T11:28:28.200000,126.7468975,-3.078889026,126.74727205764465,-3.084909088482102,1.3484075207315982,-21.672224935567463
2022-03-02T11:28:37.789000,126.7736172,-3.05103236,126.77731054870095,-3.053501436283041,13.296055323417022,-8.888674618946979
2022-03-02T11:28:46.230000,126.8045411,-3.018589291,126.80374619464509,-3.0258560178494918,-2.8616592776700145,-26.16021665817012
2022-03-02T11:28:56.209000,126.8330047,-2.988934368,126.83499059248324,-2.9931759833107123,7.1492129396403925,-15.269815118565155
2022-03-02T11:29:05.060000,126.8611884,-2.959283606,126.86269598584433,-2.964192326684923,5.427309039561123,-17.671394465721946
2022-03-02T11:29:14.229000,126.8878851,-2.931339592,126.89138964131539,-2.9341696441304226,12.6163487353665,-10.18818766952112
2022-03-02T11:29:22.759000,126.9145943,-2.903381713,126.91807708555224,-2.906241395851132,12.538027988051681,-10.294858264075302
2022-03-02T11:29:31.380000,126.9413937,-2.875326561,126.94504287351862,-2.8780172802071013,13.137024666997377,-9.68658914556464
2022-03-02T11:29:39.959000,126.9681417,-2.847354388,126.97187095076497,-2.8499327489709247,13.425302753864798,-9.282099495329632
2022-03-02T11:29:48.550000,126.9967783,-2.817394753,126.99873023077755,-2.8218110221088963,7.026950799183851,-15.898568792027312
2022-03-02T11:29:57.520000,127.0241255,-2.788697998,127.02676769534426,-2.7924509199563086,9.51190323935407,-13.510519042710989
2022-03-02T11:30:06.290000,127.053161,-2.758360204,127.0541733799275,-2.7637476670422663,3.644567739007698,-19.39486695215802
2022-03-02T11:30:24.759000,127.1106542,-2.697948771,127.11186640013405,-2.7033078614161865,4.363920482575168,-19.292725498271146
2022-03-02T11:30:34.029000,127.1366978,-2.670692842,127.1408128911532,-2.6729754945941107,14.814328151555856,-8.217549338799124
2022-03-02T11:30:42.539000,127.1642849,-2.641755927,127.1673798040146,-2.6451321179750997,11.141654452569583,-12.154287510358408
2022-03-02T11:30:51.260000,127.1940354,-2.610633813,127.19459908071835,-2.616600570242368,2.0292505860368237,-21.480326072524214
2022-03-02T11:31:00.800000,127.2239989,-2.579394666,127.22436721285737,-2.585392135051708,1.3259262865517485,-21.590888586150214
2022-03-02T11:31:10.280000,127.2512443,-2.550714199,127.25394054308029,-2.5543826248220394,9.70647508905813,-13.206332959341083
2022-03-02T11:31:19.020000,127.2785481,-2.522113424,127.28119872637392,-2.5257960338135117,9.542254946114781,-13.257395328641941
2022-03-02T11:31:27.689000,127.3059873,-2.493340304,127.30822915849947,-2.497443899503159,8.070690598106012,-14.772943811372308
2022-03-02T11:31:36.660000,127.3343788,-2.463555133,127.33619463356632,-2.4681064169008247,6.5370008387731104,-16.384622042969355
2022-03-02T11:31:45.810000,127.3622422,-2.434196569,127.36471119818314,-2.438186029039133,8.88839345932979,-14.36205614087811
2022-03-02T11:31:54.749000,127.3905003,-2.404899278,127.39256344231376,-2.4089580249850093,7.427312329531333,-14.611489146034273
2022-03-02T11:32:12.979000,127.4455177,-2.346829862,127.44934415887737,-2.349358521887419,13.775251958531953,-9.103175594709256
2022-03-02T11:32:21.489000,127.4756124,-2.315343374,127.47584072358164,-2.321540139191795,0.8219648938961654,-22.30835469046326
2022-03-02T11:32:31.160000,127.5017935,-2.287692155,127.50594490601353,-2.289929226564035,14.945061648671754,-8.053457630526673
2022-03-02T11:32:39.569000,127.5319099,-2.256255758,127.53211444251744,-2.262445640046996,0.7363530627742421,-22.283575369185193
2022-03-02T11:32:49.270000,127.5588061,-2.228043934,127.5622975841288,-2.2307420262208715,12.569342863685051,-9.713131995137303
2022-03-02T11:32:57.870000,127.5884014,-2.19688016,127.58904869148728,-2.202638981188201,2.3302493542189495,-20.73175627752253
2022-03-02T11:33:07.430000,127.6162935,-2.167600362,127.61877887526616,-2.171401526395406,8.947350958180778,-13.684191823461234
2022-03-02T11:33:16.460000,127.6433057,-2.139327321,127.64685399415481,-2.141898451280982,12.773858957319817,-9.256069011535573
2022-03-02T11:33:24.899000,127.6700593,-2.111175628,127.67308564137439,-2.11432859497073,10.894828947766655,-11.350681094628712
2022-03-02T11:33:33.609000,127.6963747,-2.083330783,127.70015359748939,-2.0858757187761072,13.604030961778335,-9.161768793985736
2022-03-02T11:33:42.109000,127.7239741,-2.054472423,127.72656301400674,-2.058111132998932,9.320090424250793,-13.099355996155637
2022-03-02T11:33:50.940000,127.7502144,-2.027008703,127.7539946582307,-2.029267760792776,13.60892963048741,-8.132608053993273
2022-03-02T11:33:59.340000,127.7769076,-1.998671895,127.78008165384948,-2.0018343759101676,11.426593858118395,-11.384931276603272
2022-03-02T11:34:08.029000,127.8069242,-1.967134949,127.80706019031683,-1.9734594953389872,0.4895651406059187,-22.76836682035377
2022-03-02T11:34:17.599000,127.8336894,-1.938899766,127.8367671327228,-1.9422103800572297,11.079837802083148,-11.918210606026758
2022-03-02T11:34:26.380000,127.8602357,-1.911046565,127.8640184256564,-1.9135401632710183,13.617812363014536,-8.976953775666097
2022-03-02T11:34:34.669000,127.8873367,-1.882545089,127.88973717003964,-1.8864785968418671,8.641692142674628,-14.160628230721883
2022-03-02T11:34:43.660000,127.9147649,-1.853814526,127.91762785130473,-1.8571276570129072,10.306624697045663,-11.92727164646552
2022-03-02T11:34:52.370000,127.941577,-1.825651232,127.94464071499688,-1.8286965117016483,11.029373988782254,-10.963006925933705
2022-03-02T11:35:01.099000,127.9680646,-1.797684058,127.97170645782059,-1.8002057967483873,13.11068815409726,-9.078259494194452
2022-03-02T11:35:09.509000,127.9949515,-1.769354746,127.99777737480481,-1.7727586004954285,10.1731492973272,-12.253876183542456
2022-03-02T11:35:18.329000,128.0238454,-1.738824323,128.02511327787894,-1.743975776134454,4.5643603642020025,-18.545231284034713
2022-03-02T11:35:27.750000,128.0546772,-1.706436259,128.05430508426872,-1.7132344674335465,-1.3396166325605918,-24.473550360767415
2022-03-02T11:35:37.639000,128.0838555,-1.675759577,128.08493951378645,-1.6809691639746085,3.90244963123223,-18.754513108590576
2022-03-02T11:35:46.940000,128.1119273,-1.646234581,128.11374541041607,-1.6506252783990245,6.545197497894151,-15.806510636487925
2022-03-02T11:35:56.179000,128.1426767,-1.613895628,128.14235257760816,-1.6204864791000215,-1.166840610642339,-23.7270639600772
2022-03-02T11:36:05.829000,128.1725924,-1.582205119,128.1722252201348,-1.5890099516704403,-1.3218475147482422,-24.49739761358547
2022-03-02T11:36:15.669000,128.199182,-1.554225288,128.20267855117146,-1.5569168534096691,12.587584217226322,-9.6896354748087
2022-03-02T11:36:24.239000,128.2274476,-1.524472075,128.2291952848989,-1.5289684724238843,6.291665636047128,-16.187030725983487
2022-03-02T11:36:33.499000,128.2542819,-1.496094012,128.25784056453662,-1.498772622934652,12.811192331855636,-9.642999364747773
2022-03-02T11:36:41.959000,128.282964,-1.465867668,128.2840052855622,-1.4711879920480733,3.7486280239022562,-19.153166573063718
2022-03-02T11:36:51.300000,128.3091969,-1.438115125,128.31288830174952,-1.4407335657733886,13.289046298325502,-9.42638678419927
2022-03-02T11:36:59.859000,128.3390375,-1.406647932,128.33934741494724,-1.4128312684577042,1.1156938101066771,-22.26001124773509
2022-03-02T11:37:09.380000,128.3653145,-1.379048619,128.36877381539148,-1.3817957612515204,12.453535409281358,-9.889712105473425
2022-03-02T11:37:17.930000,128.3950683,-1.34763542,128.3951932342689,-1.3539280296173681,0.44976336807849293,-22.65339462252518
2022-03-02T11:37:27.610000,128.4214131,-1.319998449,128.42509758793219,-1.3223801908235424,13.26415655588562,-8.574270564752418
2022-03-02T11:37:36.120000,128.4478818,-1.291886949,128.45138155747736,-1.2946481057298034,12.599126918485126,-9.940164227292136
2022-03-02T11:37:44.700000,128.4760655,-1.26217395,128.47787614256998,-1.2666904142441724,6.518313251922336,-16.25927127902065
2022-03-02T11:37:53.760000,128.5031409,-1.23362364,128.5058468667449,-1.2371713960673116,9.741480281581971,-12.77192184232181
2022-03-02T11:38:02.590000,128.5340667,-1.200926491,128.53310152570236,-1.208404472710503,-3.4746274715303116,-26.920734157811044
2022-03-02T11:38:12.589000,128.5634038,-1.17003159,128.56395729458552,-1.1758323581712837,1.99258050786284,-20.882765416621396
2022-03-02T11:38:22,128.5895692,-1.142274268,128.59299166789137,-1.1451788363672273,12.320884408927668,-10.456446122018281
2022-03-02T11:38:30.889000,128.6159645,-1.114468441,128.62040946670675,-1.1162283982105798,16.001880144324332,-6.335845958087116
2022-03-02T11:38:39.120000,128.6444614,-1.084187373,128.64579239469708,-1.0894234436285672,4.791580909454751,-18.849854262842047
2022-03-02T11:38:48.560000,128.6724837,-1.054646839,128.6748974098982,-1.0586841912674823,8.689355633543983,-14.53446816293651
2022-03-02T11:38:57.440000,128.7009064,-1.024716821,128.70226977333894,-1.0297713041839425,4.908144020157579,-18.196139462193095
2022-03-02T11:39:06.939000,128.7279263,-0.996075463,128.73154367551342,-0.9988460488328166,13.022551848291641,-9.974108998139508
2022-03-02T11:39:15.270000,128.7538975,-0.968707532,128.75721252123182,-0.9717259901807243,11.93407643457931,-10.866449450607174
2022-03-02T11:39:23.899000,128.7802011,-0.940926724,128.78379410878784,-0.9436384356301719,12.934831636243871,-9.762161868618913
2022-03-02T11:39:32.590000,128.8069828,-0.912500967,128.81056110995118,-0.9153517371706249,12.88191582430045,-10.26277261424946
2022-03-02T11:39:40.999000,128.8331732,-0.885066492,128.83645427828168,-0.8879854256582992,11.811881814026037,-10.50816116987714
2022-03-02T11:39:49.520000,128.8597395,-0.856852714,128.86268699870573,-0.8602571919150038,10.610995340653062,-12.256120494013922
2022-03-02T11:39:58.349000,128.886501,-0.828681245,128.88986229037437,-0.8315294326726544,12.100645347686623,-10.253475621556163
2022-03-02T11:40:06.909000,128.912575,-0.801085865,128.91620414680673,-0.8036796134061548,13.064928504229556,-9.33749426215722
2022-03-02T11:40:15.450000,128.9391819,-0.773017608,128.9424821844907,-0.7758942375111629,11.881024166541465,-10.355866240186673
2022-03-02T11:40:24.149000,128.9652773,-0.745473425,128.96924085856594,-0.7475975624432714,14.268810837393175,-7.646894795776804
2022-03-02T11:40:32.680000,128.9915933,-0.717629386,128.99547739478763,-0.719850027358673,13.982741235440699,-7.994308891222612
2022-03-02T11:40:41.080000,129.0176049,-0.690103964,129.02130587531707,-0.6925311554671845,13.323511141413746,-8.73788928186423
2022-03-02T11:40:49.789000,129.0445376,-0.661550456,129.04807906679292,-0.6642100484141212,12.74928045447723,-9.574532690836612
2022-03-02T11:40:58.289000,129.0703414,-0.634285263,129.07420445367507,-0.6365712626183385,13.906993230273201,-8.229598626018708
2022-03-02T11:41:06.720000,129.0964941,-0.606634302,129.1001126063936,-0.6091594481789155,13.026623016935446,-9.090526244095898
2022-03-02T11:41:15.499000,129.123458,-0.578055353,129.12708470401085,-0.5806189464565599,13.05613443907987,-9.228936443615554
2022-03-02T11:41:24.049000,129.1496174,-0.550474376,129.15334790647762,-0.5528256462217974,13.429823319393108,-8.464572798470549
2022-03-02T11:41:32.470000,129.1754256,-0.523089594,129.17920972873043,-0.525454316493103,13.622863429498011,-8.513000975170959
2022-03-02T11:41:40.989000,129.2015295,-0.495505222,129.20536735408797,-0.4977671191640632,13.81627471671436,-8.142829790627392
2022-03-02T11:41:49.499000,129.2274985,-0.467856023,129.23149216841472,-0.47011185640765774,14.377206292999745,-8.121000267567812
2022-03-02T11:41:57.919000,129.2540492,-0.439822927,129.25733561206474,-0.4427517180511542,11.83108343306003,-10.54364778415524
2022-03-02T11:42:06.720000,129.2828597,-0.409273458,129.284343067531,-0.414156372597412,5.34012311168226,-17.57849255068329
2022-03-02T11:42:15.999000,129.3088939,-0.381833632,129.312811401809,-0.38401108965968855,14.103006512448246,-7.838847574878871
2022-03-02T11:42:24.410000,129.3348415,-0.35414054,129.33861141355916,-0.3566885212078429,13.571688812953653,-9.17273234823439
2022-03-02T11:42:33.029000,129.361541,-0.326031932,129.3650442652541,-0.3286930332762681,12.611754914848916,-9.579964594565027
2022-03-02T11:42:41.639000,129.3876325,-0.298228772,129.39144429170403,-0.3007295718699197,13.722450134537212,-9.002879531711084
2022-03-02T11:42:50.190000,129.4132013,-0.271081687,129.4176582558014,-0.2729604990346943,16.045040885046546,-6.763723324899518
2022-03-02T11:42:58.739000,129.4402583,-0.2425779,129.44386096487096,-0.24520068919110116,12.969593535433432,-9.442041087964137
2022-03-02T11:43:07.340000,129.4675578,-0.213566178,129.47021789531289,-0.21727482588763053,9.576343126354914,-13.351132395469921
2022-03-02T11:43:16.120000,129.493808,-0.185871348,129.4971180296796,-0.18877068545808615,11.916106846547336,-10.437614849110155
2022-03-02T11:43:24.770000,129.520063,-0.15796963,129.52361462312393,-0.1606914643317203,12.785843246183504,-9.798603594193068
2022-03-02T11:43:33.429000,129.5464177,-0.129953141,129.55013358061805,-0.1325858921194852,13.37717022496463,-9.477904030146778
2022-03-02T11:43:42.020000,129.5725865,-0.102325647,129.57643914888394,-0.10470387749026516,13.86953598216678,-8.561629764954565
2022-03-02T11:43:50.539000,129.5985273,-0.07481676,129.6025192165476,-0.07705833959780166,14.370899571326845,-8.069686552085987
2022-03-02T11:43:59.090000,129.6255394,-0.04611162,129.62869221700186,-0.049311769676379874,11.350141206651188,-11.52053883496755
2022-03-02T11:44:07.670000,129.6508701,-0.019046063,129.65494892468902,-0.02147393631501734,14.683768880513526,-8.740343934062434
2022-03-02T11:44:16.200000,129.6771761,0.008616645,129.6810476141144,0.0061988433761956405,13.937450811818053,-8.70408584569569
2022-03-02T11:44:24.899000,129.7033757,0.036347315,129.70765825116843,0.03441697932702988,15.417184206296497,-6.949208422692416
2022-03-02T11:44:33.340000,129.7295672,0.06418905,129.73347471375558,0.0617953897714859,14.067049520133423,-8.617176822650743
2022-03-02T11:44:41.880000,129.7551467,0.091108698,129.7595890233651,0.08949207788911641,15.992364114299562,-5.819832399180935
2022-03-02T11:44:50.330000,129.7814739,0.119070849,129.78542324432954,0.11689407204829794,14.217639586297537,-7.83639702612745
2022-03-02T11:44:58.810000,129.8076347,0.146887453,129.8113443163535,0.1443905376197087,13.354618872665469,-8.988895369048732
2022-03-02T11:45:07.380000,129.8334917,0.174380322,129.83753555103388,0.17217595810635505,14.557863721984177,-7.9357100171218224
2022-03-02T11:45:15.909000,129.860007,0.202499977,129.8635965623413,0.19982557571335877,12.922424428643353,-9.627844631908433
2022-03-02T11:45:24.459000,129.8857293,0.229710109,129.88971682487204,0.22754038817739433,14.355089539310484,-7.810994961380391
2022-03-02T11:45:32.880000,129.9120533,0.257715315,129.91543819261113,0.25483421830141934,12.185613400095008,-10.371948114890394
2022-03-02T11:45:40.880000,129.9384994,0.285784296,129.93986924322493,0.28076091236061573,4.9314356097170275,-18.084181101783336
